LOCATION,INDICATOR,SUBJECT,MEASURE,FREQUENCY,DATE,INFLATION,INTEREST,UNEMPLOYMENT,GDP_CUBIC,GDP_LINEAR,SHARE_PRICES,GDPGAP_LINEAR,GDPGAP_CUBIC
CAN,CPI,TOT_FOODENRG,AGRWTH,M,1985-01,3.231752,9.67,10.6,2.863962596,1.527769748,17.04774,-1.189419752,-1.194115017
CAN,CPI,TOT_FOODENRG,AGRWTH,M,1985-02,3.546702,10.575,10.8,2.732339195,1.526840008,18.15087,-1.193434878,-1.202822592
CAN,CPI,TOT_FOODENRG,AGRWTH,M,1985-03,3.531623,11.3,11,2.596224793,1.525910268,18.18951,-1.197450005,-1.211524532
CAN,CPI,TOT_FOODENRG,AGRWTH,M,1985-04,3.532893,10.1625,10.8,2.45563994,1.524980528,18.33331,-1.201465131,-1.22021802
CAN,CPI,TOT_FOODENRG,AGRWTH,M,1985-05,4.01475,9.75,10.6,2.310605185,1.524050789,18.68487,-1.205480258,-1.228900238
CAN,CPI,TOT_FOODENRG,AGRWTH,M,1985-06,4.073004,9.4875,10.7,2.161141076,1.523121049,18.96522,-1.209495385,-1.237568369
CAN,CPI,TOT_FOODENRG,AGRWTH,M,1985-07,4.654195,9.26,10.4,2.007268163,1.522191309,19.25701,-1.213510511,-1.246219595
CAN,CPI,TOT_FOODENRG,AGRWTH,M,1985-08,4.471246,9.1125,10.3,1.849006995,1.521261569,19.42118,-1.217525638,-1.254851099
CAN,CPI,TOT_FOODENRG,AGRWTH,M,1985-09,4.330194,9.0625,10.2,1.686378121,1.52033183,18.92073,-1.221540765,-1.263460064
CAN,CPI,TOT_FOODENRG,AGRWTH,M,1985-10,4.321442,8.71,10.3,1.51940209,1.51940209,18.42432,-1.225555891,-1.272043671
CAN,CPI,TOT_FOODENRG,AGRWTH,M,1985-11,4.230911,8.825,10.3,1.348803121,1.39933582,19.41044,-1.229571018,-1.280599104
CAN,CPI,TOT_FOODENRG,AGRWTH,M,1985-12,4.597746,9.2375,10.1,1.178120117,1.279269549,20.01808,-1.233586144,-1.289123546
CAN,CPI,TOT_FOODENRG,AGRWTH,M,1986-01,4.56996,10.16,9.8,-0.440677464,0.171132248,19.81674,-1.571618473,-1.581400486
CAN,CPI,TOT_FOODENRG,AGRWTH,M,1986-02,4.652767,11.725,9.9,-0.413870795,0.148777342,19.50117,-1.556319661,-1.575604441
CAN,CPI,TOT_FOODENRG,AGRWTH,M,1986-03,5.176029,11.025,9.8,-0.382639298,0.126422437,20.75655,-1.541020849,-1.56953165
CAN,CPI,TOT_FOODENRG,AGRWTH,M,1986-04,5.329441,9.55,9.7,-0.34686319,0.104067531,21.50653,-1.525722036,-1.563184611
CAN,CPI,TOT_FOODENRG,AGRWTH,M,1986-05,5.59598,8.575,9.5,-0.30642269,0.081712625,21.37744,-1.510423224,-1.556565823
CAN,CPI,TOT_FOODENRG,AGRWTH,M,1986-06,5.233273,8.7,9.6,-0.261198013,0.05935772,21.43337,-1.495124411,-1.549677785
CAN,CPI,TOT_FOODENRG,AGRWTH,M,1986-07,5.410159,8.47,9.6,-0.211069379,0.037002814,20.88961,-1.479825599,-1.542522997
CAN,CPI,TOT_FOODENRG,AGRWTH,M,1986-08,5.399315,8.5125,9.6,-0.155917004,0.014647908,21.00322,-1.464526786,-1.535103956
CAN,CPI,TOT_FOODENRG,AGRWTH,M,1986-09,5.164577,8.35,9.5,-0.095621107,-0.007706997,21.1095,-1.449227974,-1.527423161
CAN,CPI,TOT_FOODENRG,AGRWTH,M,1986-10,5.566557,8.44,9.4,-0.030061903,-0.030061903,21.06047,-1.433929161,-1.519483112
CAN,CPI,TOT_FOODENRG,AGRWTH,M,1986-11,5.696922,8.3875,9.4,0.040507509,0.029792689,21.25282,-1.418630349,-1.511286308
CAN,CPI,TOT_FOODENRG,AGRWTH,M,1986-12,5.638344,8.36,9.5,0.114342511,0.089647281,21.24382,-1.403331536,-1.502835246
CAN,CPI,TOT_FOODENRG,AGRWTH,M,1987-01,5.493667,7.925,9.5,2.829669127,1.917712503,22.59711,-0.039492463,-0.035964074
CAN,CPI,TOT_FOODENRG,AGRWTH,M,1987-02,5.129279,7.4375,9.5,2.810290367,1.96098815,24.38746,-0.021948889,-0.014863315
CAN,CPI,TOT_FOODENRG,AGRWTH,M,1987-03,4.589874,7.175,9.4,2.781959595,2.004263798,25.84432,-0.004405316,0.006263176
CAN,CPI,TOT_FOODENRG,AGRWTH,M,1987-04,4.772366,7.62,9.2,2.744369735,2.047539445,26.40579,0.013138258,0.027412336
CAN,CPI,TOT_FOODENRG,AGRWTH,M,1987-05,4.469791,8.25,8.9,2.697213707,2.090815092,26.16261,0.030681832,0.048581102
CAN,CPI,TOT_FOODENRG,AGRWTH,M,1987-06,4.233639,8.4625,8.9,2.640184434,2.134090739,25.89621,0.048225406,0.069766411
CAN,CPI,TOT_FOODENRG,AGRWTH,M,1987-07,4.118694,8.64,8.7,2.572974837,2.177366386,27.41136,0.065768979,0.090965197
CAN,CPI,TOT_FOODENRG,AGRWTH,M,1987-08,4.408739,9.1375,8.6,2.495277839,2.220642033,28.19837,0.083312553,0.112174398
CAN,CPI,TOT_FOODENRG,AGRWTH,M,1987-09,4.465325,9.36,8.4,2.406786362,2.26391768,27.38528,0.100856127,0.133390951
CAN,CPI,TOT_FOODENRG,AGRWTH,M,1987-10,4.028063,9.1625,8.3,2.307193327,2.307193327,23.96031,0.1183997,0.154611791
CAN,CPI,TOT_FOODENRG,AGRWTH,M,1987-11,4.119877,8.775,8.2,2.196850129,2.205633294,20.63492,0.135943274,0.175833855
CAN,CPI,TOT_FOODENRG,AGRWTH,M,1987-12,4.164541,8.97,8,2.078742055,2.104073261,21.66177,0.153486848,0.19705408
CAN,CPI,TOT_FOODENRG,AGRWTH,M,1988-01,4.071493,8.7125,8.1,1.618472466,1.436584999,21.93933,1.695086912,1.706108982
CAN,CPI,TOT_FOODENRG,AGRWTH,M,1988-02,4.455365,8.55,7.8,1.610424096,1.438957009,21.54042,1.692852493,1.714623674
CAN,CPI,TOT_FOODENRG,AGRWTH,M,1988-03,5.119831,8.59,7.8,1.600129892,1.441329019,22.99191,1.690618073,1.722866946
CAN,CPI,TOT_FOODENRG,AGRWTH,M,1988-04,4.554647,8.8625,7.7,1.587503496,1.443701028,23.38098,1.688383653,1.730840339
CAN,CPI,TOT_FOODENRG,AGRWTH,M,1988-05,4.523265,9.0375,7.8,1.572458552,1.446073038,22.57626,1.686149233,1.738545392
CAN,CPI,TOT_FOODENRG,AGRWTH,M,1988-06,4.77013,9.37,7.6,1.554908701,1.448445047,23.63163,1.683914813,1.745983645
CAN,CPI,TOT_FOODENRG,AGRWTH,M,1988-07,4.633518,9.4125,7.8,1.534767587,1.450817057,23.81504,1.681680393,1.753156637
CAN,CPI,TOT_FOODENRG,AGRWTH,M,1988-08,4.508104,9.91,7.8,1.511948851,1.453189067,22.97043,1.679445973,1.760065908
CAN,CPI,TOT_FOODENRG,AGRWTH,M,1988-09,4.68032,10.475,7.8,1.486366136,1.455561076,22.81302,1.677211553,1.766712996
CAN,CPI,TOT_FOODENRG,AGRWTH,M,1988-10,5.101283,10.4375,7.8,1.457933086,1.457933086,23.56865,1.674977133,1.773099443
CAN,CPI,TOT_FOODENRG,AGRWTH,M,1988-11,5.029753,10.85,7.8,1.426451165,1.400705615,22.83081,1.672742713,1.779226786
CAN,CPI,TOT_FOODENRG,AGRWTH,M,1988-12,4.909114,11.1125,7.5,1.39127313,1.343478143,23.20399,1.670508293,1.785096566
CAN,CPI,TOT_FOODENRG,AGRWTH,M,1989-01,5.338311,11.2875,7.5,1.853530796,1.08372709,24.43984,1.45246994,1.462990958
CAN,CPI,TOT_FOODENRG,AGRWTH,M,1989-02,5.253483,11.5625,7.6,1.785578774,1.090059656,25.23675,1.431060542,1.451979298
CAN,CPI,TOT_FOODENRG,AGRWTH,M,1989-03,5.014452,12.21,7.5,1.714815355,1.096392221,25.0548,1.409651144,1.440841625
CAN,CPI,TOT_FOODENRG,AGRWTH,M,1989-04,5.042872,12.475,7.8,1.641240157,1.102724787,24.95612,1.388241746,1.429575205
CAN,CPI,TOT_FOODENRG,AGRWTH,M,1989-05,5.434981,12.402,7.7,1.564852796,1.109057352,25.3968,1.366832349,1.418177308
CAN,CPI,TOT_FOODENRG,AGRWTH,M,1989-06,5.558535,12.3125,7.5,1.485652892,1.115389918,26.22531,1.345422951,1.406645199
CAN,CPI,TOT_FOODENRG,AGRWTH,M,1989-07,5.690314,12.225,7.5,1.40364006,1.121722483,26.90199,1.324013553,1.394976147
CAN,CPI,TOT_FOODENRG,AGRWTH,M,1989-08,5.711531,12.292,7.3,1.318813919,1.128055049,27.80058,1.302604155,1.383167418
CAN,CPI,TOT_FOODENRG,AGRWTH,M,1989-09,5.790401,12.3275,7.3,1.231174087,1.134387614,27.43919,1.281194757,1.371216281
CAN,CPI,TOT_FOODENRG,AGRWTH,M,1989-10,5.481175,12.33,7.2,1.14072018,1.14072018,27.57881,1.259785359,1.359120002
CAN,CPI,TOT_FOODENRG,AGRWTH,M,1989-11,5.403779,12.352,7.5,1.047752677,1.064866471,27.45384,1.238375961,1.346875849
CAN,CPI,TOT_FOODENRG,AGRWTH,M,1989-12,5.452373,12.345,7.7,0.953775496,0.989012761,27.60259,1.216966564,1.33448109
CAN,CPI,TOT_FOODENRG,AGRWTH,M,1990-01,5.332558,12.244,7.9,1.741997734,0.79410415,25.83497,-0.707667322,-0.703801285
CAN,CPI,TOT_FOODENRG,AGRWTH,M,1990-02,5.201482,12.8425,7.7,1.689134627,0.810621482,25.71154,-0.748274195,-0.740926552
CAN,CPI,TOT_FOODENRG,AGRWTH,M,1990-03,4.909041,13.3575,7.3,1.627910844,0.827138815,25.38237,-0.788881068,-0.778426874
CAN,CPI,TOT_FOODENRG,AGRWTH,M,1990-04,4.849649,13.515,7.6,1.558058705,0.843656147,23.29995,-0.829487941,-0.816292872
CAN,CPI,TOT_FOODENRG,AGRWTH,M,1990-05,4.464878,13.76,7.8,1.479310525,0.860173479,24.9806,-0.870094814,-0.85451517
CAN,CPI,TOT_FOODENRG,AGRWTH,M,1990-06,4.246859,13.8175,7.6,1.391398623,0.876690812,24.71566,-0.910701687,-0.893084389
CAN,CPI,TOT_FOODENRG,AGRWTH,M,1990-07,3.979525,13.675,7.9,1.294055315,0.893208144,24.83561,-0.951308561,-0.931991152
CAN,CPI,TOT_FOODENRG,AGRWTH,M,1990-08,4.041532,13.256,8.1,1.187012921,0.909725476,23.33691,-0.991915434,-0.971226082
CAN,CPI,TOT_FOODENRG,AGRWTH,M,1990-09,4.015618,12.755,8.5,1.070003757,0.926242809,22.03348,-1.032522307,-1.010779802
CAN,CPI,TOT_FOODENRG,AGRWTH,M,1990-10,4.154345,12.578,8.8,0.942760141,0.942760141,21.48853,-1.07312918,-1.050642934
CAN,CPI,TOT_FOODENRG,AGRWTH,M,1990-11,4.292303,12.405,9.1,0.805551738,0.807072821,21.97559,-1.113736053,-1.0908061
CAN,CPI,TOT_FOODENRG,AGRWTH,M,1990-12,4.094698,12.05,9.5,0.660797607,0.671385501,22.71274,-1.154342926,-1.131259923
CAN,CPI,TOT_FOODENRG,AGRWTH,M,1991-01,6.339197,11.366,9.8,-2.922090356,-1.358170769,22.82572,-4.73800855,-4.756515823
CAN,CPI,TOT_FOODENRG,AGRWTH,M,1991-02,6.404633,10.52,10.2,-2.798483033,-1.365826078,24.14637,-4.748269337,-4.784744997
CAN,CPI,TOT_FOODENRG,AGRWTH,M,1991-03,6.782055,9.9575,10.5,-2.66480568,-1.373481388,24.37881,-4.758530124,-4.812440339
CAN,CPI,TOT_FOODENRG,AGRWTH,M,1991-04,6.724909,9.7075,10.3,-2.520819789,-1.381136697,24.19191,-4.76879091,-4.839606898
CAN,CPI,TOT_FOODENRG,AGRWTH,M,1991-05,6.529452,9.198,10.2,-2.36628685,-1.388792007,24.731,-4.779051697,-4.866249726
CAN,CPI,TOT_FOODENRG,AGRWTH,M,1991-06,6.57146,8.8325,10.5,-2.20096835,-1.396447317,24.17043,-4.789312483,-4.892373875
CAN,CPI,TOT_FOODENRG,AGRWTH,M,1991-07,6.323826,8.76,10.5,-2.024625782,-1.404102626,24.68525,-4.79957327,-4.917984394
CAN,CPI,TOT_FOODENRG,AGRWTH,M,1991-08,6.409709,8.7225,10.5,-1.837020633,-1.411757936,24.53357,-4.809834057,-4.943086335
CAN,CPI,TOT_FOODENRG,AGRWTH,M,1991-09,6.064668,8.59,10.3,-1.637914394,-1.419413245,23.62688,-4.820094843,-4.967684749
CAN,CPI,TOT_FOODENRG,AGRWTH,M,1991-10,5.676626,8.366,10.3,-1.427068555,-1.427068555,24.51871,-4.83035563,-4.991784688
CAN,CPI,TOT_FOODENRG,AGRWTH,M,1991-11,5.64474,7.8475,10.4,-1.205157884,-1.237735631,24.04972,-4.840616416,-5.015391201
CAN,CPI,TOT_FOODENRG,AGRWTH,M,1991-12,5.331289,7.455,10.3,-0.976510269,-1.048402706,24.495,-4.850877203,-5.03850934
CAN,CPI,TOT_FOODENRG,AGRWTH,M,1992-01,3.021212,7.31,10.4,0.164195915,0.087246991,25.07914,-5.747761921,-5.753707349
CAN,CPI,TOT_FOODENRG,AGRWTH,M,1992-02,2.636748,7.2525,10.5,0.152960591,0.085652166,24.98025,-5.741697421,-5.753547029
CAN,CPI,TOT_FOODENRG,AGRWTH,M,1992-03,2.301786,7.54,10.9,0.14193549,0.084057341,23.79607,-5.73563292,-5.753343048
CAN,CPI,TOT_FOODENRG,AGRWTH,M,1992-04,2.300686,7.118,10.7,0.131147366,0.082462516,23.40149,-5.72956842,-5.75309299
CAN,CPI,TOT_FOODENRG,AGRWTH,M,1992-05,2.027675,6.6175,10.9,0.120622978,0.080867691,23.62723,-5.723503919,-5.752794442
CAN,CPI,TOT_FOODENRG,AGRWTH,M,1992-06,1.85885,6.0325,11.4,0.110389083,0.079272866,23.62563,-5.717439419,-5.752444989
CAN,CPI,TOT_FOODENRG,AGRWTH,M,1992-07,1.836257,5.574,11.3,0.100472437,0.077678042,24.01422,-5.711374918,-5.752042219
CAN,CPI,TOT_FOODENRG,AGRWTH,M,1992-08,1.52549,5.1725,11.7,0.090899798,0.076083217,23.73177,-5.705310418,-5.751583715
CAN,CPI,TOT_FOODENRG,AGRWTH,M,1992-09,1.74555,5.038,11.6,0.081697922,0.074488392,22.99923,-5.699245917,-5.751067065
CAN,CPI,TOT_FOODENRG,AGRWTH,M,1992-10,1.709538,7.6375,11.4,0.072893567,0.072893567,23.26591,-5.693181417,-5.750489854
CAN,CPI,TOT_FOODENRG,AGRWTH,M,1992-11,1.738142,6.9325,12.1,0.064623004,0.077815701,22.89427,-5.687116917,-5.749849668
CAN,CPI,TOT_FOODENRG,AGRWTH,M,1992-12,1.991481,7.9,11.7,0.057460564,0.082737835,23.36578,-5.681052416,-5.749144093
CAN,CPI,TOT_FOODENRG,AGRWTH,M,1993-01,2.053445,6.9925,11.2,0.451232413,0.6308131,23.05216,-5.126850168,-5.131183893
CAN,CPI,TOT_FOODENRG,AGRWTH,M,1993-02,2.214684,6.395,11,0.468166624,0.631827896,24.07189,-5.106323959,-5.114716885
CAN,CPI,TOT_FOODENRG,AGRWTH,M,1993-03,1.822994,5.61,11.2,0.486069334,0.632842692,25.12321,-5.085797751,-5.097981077
CAN,CPI,TOT_FOODENRG,AGRWTH,M,1993-04,1.799642,5.275,11.6,0.504957684,0.633857488,26.42713,-5.065271542,-5.080982192
CAN,CPI,TOT_FOODENRG,AGRWTH,M,1993-05,1.765646,5.325,11.6,0.524848819,0.634872285,27.07759,-5.044745333,-5.063725955
CAN,CPI,TOT_FOODENRG,AGRWTH,M,1993-06,1.672729,4.88,11.7,0.545759882,0.635887081,27.66124,-5.024219125,-5.046218088
CAN,CPI,TOT_FOODENRG,AGRWTH,M,1993-07,1.864761,4.4725,11.6,0.567708015,0.636901877,27.66724,-5.003692916,-5.028464316
CAN,CPI,TOT_FOODENRG,AGRWTH,M,1993-08,2.034199,4.3075,11.2,0.590710361,0.637916673,28.85504,-4.983166707,-5.010470362
CAN,CPI,TOT_FOODENRG,AGRWTH,M,1993-09,1.918744,4.786,11.5,0.614784063,0.638931469,27.83029,-4.962640499,-4.99224195
CAN,CPI,TOT_FOODENRG,AGRWTH,M,1993-10,2.04335,4.7375,11.3,0.639946265,0.639946265,29.6779,-4.94211429,-4.973784804
CAN,CPI,TOT_FOODENRG,AGRWTH,M,1993-11,2.092404,4.3625,11.2,0.666169335,0.666994961,29.15255,-4.921588081,-4.955104647
CAN,CPI,TOT_FOODENRG,AGRWTH,M,1993-12,1.876592,4.092,11.4,0.693246547,0.694043658,30.13741,-4.901061873,-4.936207203
CAN,CPI,TOT_FOODENRG,AGRWTH,M,1994-01,1.651087,3.8725,11.4,1.323172589,1.339612044,31.76527,-3.092095083,-3.079441773
CAN,CPI,TOT_FOODENRG,AGRWTH,M,1994-02,0.2502425,3.805,11.1,1.347354596,1.354496116,30.85161,-3.089434656,-3.064419073
CAN,CPI,TOT_FOODENRG,AGRWTH,M,1994-03,0.3734141,4.206,10.6,1.369886417,1.369380189,30.19453,-3.086774229,-3.049686326
CAN,CPI,TOT_FOODENRG,AGRWTH,M,1994-04,0.2551512,5.8875,10.9,1.390674776,1.384264262,29.75865,-3.084113801,-3.035242447
CAN,CPI,TOT_FOODENRG,AGRWTH,M,1994-05,-0.1555793,6.285,10.7,1.409626394,1.399148335,30.17465,-3.081453374,-3.021086354
CAN,CPI,TOT_FOODENRG,AGRWTH,M,1994-06,0.03582471,6.394,10.3,1.426647996,1.414032408,28.07187,-3.078792947,-3.007216962
CAN,CPI,TOT_FOODENRG,AGRWTH,M,1994-07,-0.0584998,6.3625,10.1,1.441646304,1.428916481,29.1439,-3.076132519,-2.993633187
CAN,CPI,TOT_FOODENRG,AGRWTH,M,1994-08,-0.2321367,5.68,10.2,1.454528042,1.443800553,30.33317,-3.073472092,-2.980333944
CAN,CPI,TOT_FOODENRG,AGRWTH,M,1994-09,0.1273732,5.6425,10.1,1.465199932,1.458684626,30.36581,-3.070811665,-2.96731815
CAN,CPI,TOT_FOODENRG,AGRWTH,M,1994-10,-0.363639,5.44,10,1.473568699,1.473568699,29.92973,-3.068151237,-2.95458472
CAN,CPI,TOT_FOODENRG,AGRWTH,M,1994-11,-0.3152052,5.68,9.7,1.47959233,1.472344689,28.54721,-3.06549081,-2.94213257
CAN,CPI,TOT_FOODENRG,AGRWTH,M,1994-12,0.1271306,6.5975,9.6,1.483433873,1.471120679,29.38548,-3.062830382,-2.929960616
CAN,CPI,TOT_FOODENRG,AGRWTH,M,1995-01,0.2679586,7.838,9.6,1.511009005,0.903793706,28.01768,-2.835895202,-2.837135472
CAN,CPI,TOT_FOODENRG,AGRWTH,M,1995-02,1.73739,8.118,9.6,1.470086466,0.906648564,28.76619,-2.84307763,-2.845735678
CAN,CPI,TOT_FOODENRG,AGRWTH,M,1995-03,1.866989,8.314782,9.7,1.423660131,0.909503421,30.08287,-2.850260058,-2.85450719
CAN,CPI,TOT_FOODENRG,AGRWTH,M,1995-04,2.09873,8.148421,9.5,1.371550451,0.912358279,29.84478,-2.857442486,-2.863443808
CAN,CPI,TOT_FOODENRG,AGRWTH,M,1995-05,2.720329,7.561364,9.5,1.313577878,0.915213137,31.02456,-2.864624914,-2.872539331
CAN,CPI,TOT_FOODENRG,AGRWTH,M,1995-06,2.601679,7.047727,9.5,1.249562863,0.918067994,31.57209,-2.871807342,-2.881787557
CAN,CPI,TOT_FOODENRG,AGRWTH,M,1995-07,2.72427,6.666,9.6,1.179325859,0.920922852,32.1851,-2.87898977,-2.891182286
CAN,CPI,TOT_FOODENRG,AGRWTH,M,1995-08,2.635107,6.586818,9.5,1.102687317,0.92377771,31.49921,-2.886172198,-2.900717317
CAN,CPI,TOT_FOODENRG,AGRWTH,M,1995-09,2.403683,6.6875,9.2,1.019467688,0.926632567,31.59022,-2.893354626,-2.910386449
CAN,CPI,TOT_FOODENRG,AGRWTH,M,1995-10,2.523847,6.697619,9.3,0.929487425,0.929487425,31.09793,-2.900537054,-2.920183482
CAN,CPI,TOT_FOODENRG,AGRWTH,M,1995-11,2.441542,6.008095,9.2,0.832989007,0.840576433,32.50681,-2.907719482,-2.930102213
CAN,CPI,TOT_FOODENRG,AGRWTH,M,1995-12,1.77674,5.895263,9.4,0.731903028,0.751665442,32.87196,-2.91490191,-2.940136443
CAN,CPI,TOT_FOODENRG,AGRWTH,M,1996-01,1.822691,5.546818,9.4,-0.314190494,0.112649395,34.64955,-3.53226506,-3.542436636
CAN,CPI,TOT_FOODENRG,AGRWTH,M,1996-02,1.536082,5.222857,9.5,-0.286662408,0.107777861,34.40749,-3.517574545,-3.537488171
CAN,CPI,TOT_FOODENRG,AGRWTH,M,1996-03,1.639287,5.214762,9.6,-0.255626153,0.102906327,34.66629,-3.50288403,-3.53211704
CAN,CPI,TOT_FOODENRG,AGRWTH,M,1996-04,1.455621,5.008572,9.3,-0.220975189,0.098034793,35.89119,-3.488193515,-3.5263301
CAN,CPI,TOT_FOODENRG,AGRWTH,M,1996-05,1.451682,4.809091,9.2,-0.18260298,0.093163259,36.5881,-3.473503001,-3.520134209
CAN,CPI,TOT_FOODENRG,AGRWTH,M,1996-06,1.490557,4.849,9.8,-0.140402986,0.088291725,35.17706,-3.458812486,-3.513536226
CAN,CPI,TOT_FOODENRG,AGRWTH,M,1996-07,1.406179,4.732727,9.7,-0.094268671,0.083420192,34.37561,-3.444121971,-3.50654301
CAN,CPI,TOT_FOODENRG,AGRWTH,M,1996-08,1.415304,4.267619,9.4,-0.044093495,0.078548658,35.86999,-3.429431456,-3.499161418
CAN,CPI,TOT_FOODENRG,AGRWTH,M,1996-09,1.367597,4.0785,9.9,0.01022908,0.073677124,36.89962,-3.414740941,-3.49139831
CAN,CPI,TOT_FOODENRG,AGRWTH,M,1996-10,1.378294,3.516818,9.9,0.06880559,0.06880559,39.04586,-3.400050426,-3.483260542
CAN,CPI,TOT_FOODENRG,AGRWTH,M,1996-11,1.353562,3.0195,9.9,0.131526892,0.131554306,41.95992,-3.385359911,-3.474754974
CAN,CPI,TOT_FOODENRG,AGRWTH,M,1996-12,1.835616,3.1225,9.7,0.19742111,0.194303022,41.33477,-3.370669396,-3.465888464
CAN,CPI,TOT_FOODENRG,AGRWTH,M,1997-01,1.783967,3.152727,9.5,1.442922853,1.253113411,42.60787,-2.069087552,-2.06437947
CAN,CPI,TOT_FOODENRG,AGRWTH,M,1997-02,1.80695,3.116,9.5,1.436071634,1.260453526,42.94443,-2.060271017,-2.05109972
CAN,CPI,TOT_FOODENRG,AGRWTH,M,1997-03,1.642863,3.2175,9.3,1.427612413,1.267793642,40.7991,-2.051454482,-2.038060251
CAN,CPI,TOT_FOODENRG,AGRWTH,M,1997-04,1.891839,3.460454,9.4,1.417495198,1.275133757,41.68068,-2.042637947,-2.025256479
CAN,CPI,TOT_FOODENRG,AGRWTH,M,1997-05,1.715653,3.321905,9.4,1.405669996,1.282473873,44.50854,-2.033821412,-2.01268382
CAN,CPI,TOT_FOODENRG,AGRWTH,M,1997-06,1.88225,3.265238,9.1,1.392086815,1.289813989,44.89643,-2.025004877,-2.000337689
CAN,CPI,TOT_FOODENRG,AGRWTH,M,1997-07,1.587054,3.531818,8.9,1.376695663,1.297154104,47.96455,-2.016188342,-1.988213503
CAN,CPI,TOT_FOODENRG,AGRWTH,M,1997-08,1.610271,3.638,8.9,1.359446546,1.30449422,46.11025,-2.007371807,-1.976306677
CAN,CPI,TOT_FOODENRG,AGRWTH,M,1997-09,1.62508,3.626667,8.8,1.340289473,1.311834335,49.09817,-1.998555272,-1.964612627
CAN,CPI,TOT_FOODENRG,AGRWTH,M,1997-10,1.701822,3.799546,8.9,1.319174451,1.319174451,47.71824,-1.989738737,-1.953126768
CAN,CPI,TOT_FOODENRG,AGRWTH,M,1997-11,1.067117,3.994737,8.9,1.29619178,1.300220157,45.41976,-1.980922202,-1.941844517
CAN,CPI,TOT_FOODENRG,AGRWTH,M,1997-12,0.9848019,4.567143,8.5,1.271992932,1.281265863,46.72152,-1.972105667,-1.930761288
CAN,CPI,TOT_FOODENRG,AGRWTH,M,1998-01,1.257966,4.651905,8.8,2.525212253,1.355317383,46.72682,-1.175858802,-1.18452132
CAN,CPI,TOT_FOODENRG,AGRWTH,M,1998-02,1.557614,4.9775,8.6,2.438186926,1.361661566,49.46263,-1.155467014,-1.172584081
CAN,CPI,TOT_FOODENRG,AGRWTH,M,1998-03,1.543348,4.874091,8.4,2.342559308,1.368005749,52.71255,-1.135075226,-1.160439883
CAN,CPI,TOT_FOODENRG,AGRWTH,M,1998-04,1.227297,4.898095,8.3,2.238092653,1.374349932,53.45521,-1.114683437,-1.148089735
CAN,CPI,TOT_FOODENRG,AGRWTH,M,1998-05,1.358942,5.02,8.3,2.12455021,1.380694115,52.9307,-1.094291649,-1.135534647
CAN,CPI,TOT_FOODENRG,AGRWTH,M,1998-06,1.172635,5.016818,8.4,2.001695234,1.387038298,51.37627,-1.073899861,-1.122775627
CAN,CPI,TOT_FOODENRG,AGRWTH,M,1998-07,1.345059,5.051363,8.3,1.869290976,1.393382481,48.3394,-1.053508072,-1.109813685
CAN,CPI,TOT_FOODENRG,AGRWTH,M,1998-08,1.413973,5.3055,8.1,1.727100688,1.399726664,38.57086,-1.033116284,-1.096649831
CAN,CPI,TOT_FOODENRG,AGRWTH,M,1998-09,1.308976,5.600476,8.2,1.574887622,1.406070847,39.15256,-1.012724496,-1.083285072
CAN,CPI,TOT_FOODENRG,AGRWTH,M,1998-10,1.600356,5.275238,8,1.41241503,1.41241503,43.2962,-0.992332707,-1.069720419
CAN,CPI,TOT_FOODENRG,AGRWTH,M,1998-11,1.597766,5.147,8,1.240328232,1.276513341,44.24179,-0.971940919,-1.055956881
CAN,CPI,TOT_FOODENRG,AGRWTH,M,1998-12,1.391895,5.002857,8.1,1.062800818,1.140611652,45.23258,-0.951549131,-1.041995467
CAN,CPI,TOT_FOODENRG,AGRWTH,M,1999-01,0.9778854,5.0045,7.9,2.700105172,1.755554571,46.93157,0.863619876,0.870457645
CAN,CPI,TOT_FOODENRG,AGRWTH,M,1999-02,0.8186755,5.0335,7.9,2.627092494,1.762028083,44.02435,0.884311509,0.898087788
CAN,CPI,TOT_FOODENRG,AGRWTH,M,1999-03,1.032773,5.057391,7.9,2.548044086,1.768501594,46.01262,0.905003141,0.925811362
CAN,CPI,TOT_FOODENRG,AGRWTH,M,1999-04,1.437981,4.716667,8.2,2.462818418,1.774975106,48.92012,0.925694773,0.953621053
CAN,CPI,TOT_FOODENRG,AGRWTH,M,1999-05,1.418299,4.6155,7.9,2.371273957,1.781448617,47.71433,0.946386405,0.981509549
CAN,CPI,TOT_FOODENRG,AGRWTH,M,1999-06,1.697511,4.815454,7.6,2.273269173,1.787922128,48.88783,0.967078037,1.009469537
CAN,CPI,TOT_FOODENRG,AGRWTH,M,1999-07,1.648142,4.792857,7.6,2.168662534,1.79439564,49.38271,0.987769669,1.037493705
CAN,CPI,TOT_FOODENRG,AGRWTH,M,1999-08,1.615686,4.924762,7.4,2.057312509,1.800869151,48.61404,1.008461302,1.065574739
CAN,CPI,TOT_FOODENRG,AGRWTH,M,1999-09,1.971566,4.830476,7.5,1.939077566,1.807342663,48.52275,1.029152934,1.093705328
CAN,CPI,TOT_FOODENRG,AGRWTH,M,1999-10,1.625786,5.014,7.2,1.813816174,1.813816174,50.60447,1.049844566,1.121878159
CAN,CPI,TOT_FOODENRG,AGRWTH,M,1999-11,1.679643,5.040952,6.9,1.682079735,1.716089026,52.46658,1.070536198,1.150085918
CAN,CPI,TOT_FOODENRG,AGRWTH,M,1999-12,1.814205,5.135238,6.8,1.547191388,1.618361879,58.67702,1.09122783,1.178321294
CAN,CPI,TOT_FOODENRG,AGRWTH,M,2000-01,1.545846,5.2605,6.8,1.834896266,1.574916336,58.96162,2.900799216,2.913500616
CAN,CPI,TOT_FOODENRG,AGRWTH,M,2000-02,1.777554,5.312381,6.9,1.821459237,1.577674041,64.06229,2.88950697,2.914297452
CAN,CPI,TOT_FOODENRG,AGRWTH,M,2000-03,1.814609,5.405652,6.9,1.805100536,1.580431746,66.82956,2.878214724,2.914492859
CAN,CPI,TOT_FOODENRG,AGRWTH,M,2000-04,1.474551,5.516316,6.7,1.785712458,1.583189451,63.71625,2.866922478,2.914097726
CAN,CPI,TOT_FOODENRG,AGRWTH,M,2000-05,1.567738,5.861818,6.6,1.763187301,1.585947156,64.83278,2.855630232,2.913122943
CAN,CPI,TOT_FOODENRG,AGRWTH,M,2000-06,1.550542,5.917273,6.7,1.737417359,1.588704861,69.41068,2.844337986,2.911579399
CAN,CPI,TOT_FOODENRG,AGRWTH,M,2000-07,1.644843,5.8785,6.8,1.70829493,1.591462565,73.68076,2.83304574,2.909477984
CAN,CPI,TOT_FOODENRG,AGRWTH,M,2000-08,1.667817,5.892727,7,1.67571231,1.59422027,76.22492,2.821753494,2.906829587
CAN,CPI,TOT_FOODENRG,AGRWTH,M,2000-09,1.498098,5.8515,6.9,1.639561794,1.596977975,75.42292,2.810461249,2.903645099
CAN,CPI,TOT_FOODENRG,AGRWTH,M,2000-10,1.676037,5.844762,7,1.59973568,1.59973568,70.73071,2.799169003,2.899935407
CAN,CPI,TOT_FOODENRG,AGRWTH,M,2000-11,1.861629,5.876667,6.9,1.556339226,1.558620583,64.1326,2.787876757,2.895711403
CAN,CPI,TOT_FOODENRG,AGRWTH,M,2000-12,2.079151,5.763684,6.8,1.510329543,1.517505486,62.87749,2.776584511,2.890983976
CAN,CPI,TOT_FOODENRG,AGRWTH,M,2001-01,2.091622,5.456364,6.9,0.474927166,0.483565404,62.43716,1.786367185,1.776944176
CAN,CPI,TOT_FOODENRG,AGRWTH,M,2001-02,2.121444,5.2075,7,0.491587444,0.488686027,60.57344,1.789867495,1.771479042
CAN,CPI,TOT_FOODENRG,AGRWTH,M,2001-03,1.764305,4.748182,7.1,0.505904936,0.49380665,54.83681,1.793367805,1.766463294
CAN,CPI,TOT_FOODENRG,AGRWTH,M,2001-04,2.249632,4.6025,7.1,0.517750139,0.498927273,54.41182,1.796868115,1.761888752
CAN,CPI,TOT_FOODENRG,AGRWTH,M,2001-05,2.269482,4.445909,7,0.526993547,0.504047896,56.81107,1.800368425,1.757747237
CAN,CPI,TOT_FOODENRG,AGRWTH,M,2001-06,2.282238,4.419524,7.2,0.533505657,0.509168519,55.11724,1.803868735,1.754030569
CAN,CPI,TOT_FOODENRG,AGRWTH,M,2001-07,2.35224,4.304286,7.1,0.537156963,0.514289142,53.38261,1.807369045,1.750730569
CAN,CPI,TOT_FOODENRG,AGRWTH,M,2001-08,2.386228,4.062727,7.2,0.53781796,0.519409765,53.01906,1.810869355,1.747839056
CAN,CPI,TOT_FOODENRG,AGRWTH,M,2001-09,2.266207,3.497895,7.2,0.535359145,0.524530388,48.65707,1.814369665,1.745347851
CAN,CPI,TOT_FOODENRG,AGRWTH,M,2001-10,2.002251,2.896364,7.3,0.529651011,0.529651011,48.25837,1.817869975,1.743248775
CAN,CPI,TOT_FOODENRG,AGRWTH,M,2001-11,1.650119,2.284762,7.5,0.520568178,0.503634912,50.80525,1.821370285,1.741533648
CAN,CPI,TOT_FOODENRG,AGRWTH,M,2001-12,1.659386,2.117368,8.1,0.508001762,0.477618814,52.62984,1.824870595,1.74019429
CAN,CPI,TOT_FOODENRG,AGRWTH,M,2002-01,1.739773,2.014091,8,2.297810184,1.371675029,53.4778,2.125540468,2.132244919
CAN,CPI,TOT_FOODENRG,AGRWTH,M,2002-02,1.779068,2.116,8,2.225415658,1.384180698,52.56352,2.118183065,2.131246186
CAN,CPI,TOT_FOODENRG,AGRWTH,M,2002-03,2.243201,2.2405,7.9,2.148647448,1.396686366,54.83158,2.110825662,2.129908112
CAN,CPI,TOT_FOODENRG,AGRWTH,M,2002-04,2.296341,2.402727,7.7,2.067451023,1.409192035,54.16732,2.103468258,2.128237134
CAN,CPI,TOT_FOODENRG,AGRWTH,M,2002-05,2.437073,2.610909,7.8,1.981771848,1.421697703,53.43659,2.096110855,2.126239693
CAN,CPI,TOT_FOODENRG,AGRWTH,M,2002-06,2.478026,2.789,7.6,1.891555389,1.434203372,50.9911,2.088753451,2.123922227
CAN,CPI,TOT_FOODENRG,AGRWTH,M,2002-07,2.813699,2.875909,7.6,1.796747113,1.44670904,46.83861,2.081396048,2.121291175
CAN,CPI,TOT_FOODENRG,AGRWTH,M,2002-08,2.919718,2.945714,7.4,1.697292487,1.459214709,45.99965,2.074038644,2.118352975
CAN,CPI,TOT_FOODENRG,AGRWTH,M,2002-09,2.882517,2.9155,7.5,1.593136975,1.471720377,44.37339,2.066681241,2.115114067
CAN,CPI,TOT_FOODENRG,AGRWTH,M,2002-10,3.152896,2.880909,7.6,1.484226046,1.484226046,42.88111,2.059323837,2.11158089
CAN,CPI,TOT_FOODENRG,AGRWTH,M,2002-11,3.713097,2.836,7.4,1.370972967,1.394740773,44.99958,2.051966434,2.107759882
CAN,CPI,TOT_FOODENRG,AGRWTH,M,2002-12,3.722203,2.857,7.5,1.255662214,1.305255499,46.06395,2.04460903,2.103657483
CAN,CPI,TOT_FOODENRG,AGRWTH,M,2003-01,3.844825,2.87,7.5,1.099564436,0.552720393,46.8285,1.402709562,1.3937974
CAN,CPI,TOT_FOODENRG,AGRWTH,M,2003-02,3.769893,2.921,7.5,1.059803123,0.552787597,45.48057,1.408261599,1.390725628
CAN,CPI,TOT_FOODENRG,AGRWTH,M,2003-03,3.319719,3.201905,7.4,1.015174728,0.552854802,44.45478,1.413813636,1.387938895
CAN,CPI,TOT_FOODENRG,AGRWTH,M,2003-04,2.889872,3.301905,7.6,0.965522437,0.552922007,45.23342,1.419365673,1.385433884
CAN,CPI,TOT_FOODENRG,AGRWTH,M,2003-05,2.765708,3.322857,7.8,0.910689434,0.552989211,46.93018,1.42491771,1.383207281
CAN,CPI,TOT_FOODENRG,AGRWTH,M,2003-06,2.205568,3.215714,7.6,0.850518905,0.553056416,49.01316,1.430469747,1.381255769
CAN,CPI,TOT_FOODENRG,AGRWTH,M,2003-07,1.676007,3.010455,7.7,0.784854035,0.553123621,49.70874,1.436021784,1.379576033
CAN,CPI,TOT_FOODENRG,AGRWTH,M,2003-08,1.49249,2.854211,7.8,0.71353801,0.553190826,51.40766,1.441573821,1.378164757
CAN,CPI,TOT_FOODENRG,AGRWTH,M,2003-09,1.807184,2.712857,7.8,0.636414015,0.55325803,52.77692,1.447125858,1.377018626
CAN,CPI,TOT_FOODENRG,AGRWTH,M,2003-10,1.813574,2.695,7.6,0.553325235,0.553325235,53.44719,1.452677895,1.376134323
CAN,CPI,TOT_FOODENRG,AGRWTH,M,2003-11,1.880161,2.76,7.4,0.464607517,0.483246339,54.52989,1.458229932,1.375508534
CAN,CPI,TOT_FOODENRG,AGRWTH,M,2003-12,1.689833,2.707143,7.3,0.372567352,0.413167442,56.14394,1.463781969,1.375137943
CAN,CPI,TOT_FOODENRG,AGRWTH,M,2004-01,1.659519,2.508095,7.3,0.4058569,0.716370792,59.04029,1.959144648,1.961424695
CAN,CPI,TOT_FOODENRG,AGRWTH,M,2004-02,1.149534,2.323,7.3,0.430369215,0.716803769,60.53781,1.965928072,1.97044809
CAN,CPI,TOT_FOODENRG,AGRWTH,M,2004-03,1.390389,2.159565,7.3,0.457320622,0.717236746,60.08792,1.972711496,1.979431226
CAN,CPI,TOT_FOODENRG,AGRWTH,M,2004-04,1.388285,2.068571,7.2,0.486782462,0.717669724,60.33731,1.97949492,1.98837392
CAN,CPI,TOT_FOODENRG,AGRWTH,M,2004-05,1.260309,2.0675,7.1,0.518826072,0.718102701,57.64899,1.986278344,1.997275988
CAN,CPI,TOT_FOODENRG,AGRWTH,M,2004-06,1.543644,2.101818,7.2,0.553522794,0.718535678,58.80555,1.993061768,2.006137248
CAN,CPI,TOT_FOODENRG,AGRWTH,M,2004-07,1.553011,2.105238,7.1,0.590943967,0.718968655,58.76984,1.999845192,2.014957516
CAN,CPI,TOT_FOODENRG,AGRWTH,M,2004-08,1.26013,2.145238,7,0.63116093,0.719401633,57.78826,2.006628615,2.023736608
CAN,CPI,TOT_FOODENRG,AGRWTH,M,2004-09,1.277574,2.412857,6.9,0.674245024,0.71983461,59.22698,2.013412039,2.032474343
CAN,CPI,TOT_FOODENRG,AGRWTH,M,2004-10,1.007046,2.575,7.1,0.720267587,0.720267587,61.3274,2.020195463,2.041170536
CAN,CPI,TOT_FOODENRG,AGRWTH,M,2004-11,1.233375,2.703809,7.2,0.769129975,0.76702273,62.30326,2.026978887,2.049825003
CAN,CPI,TOT_FOODENRG,AGRWTH,M,2004-12,1.37161,2.571905,7.1,0.820053604,0.813777873,63.72378,2.033762311,2.058437563
CAN,CPI,TOT_FOODENRG,AGRWTH,M,2005-01,1.272996,2.564,7,0.120139559,0.393941446,63.42913,2.63174648,2.634852488
CAN,CPI,TOT_FOODENRG,AGRWTH,M,2005-02,1.517305,2.5825,7,0.142408316,0.388622018,66.46056,2.632789342,2.638943006
CAN,CPI,TOT_FOODENRG,AGRWTH,M,2005-03,1.46067,2.625909,6.9,0.165418252,0.38330259,67.57674,2.633832204,2.642975039
CAN,CPI,TOT_FOODENRG,AGRWTH,M,2005-04,1.194008,2.584762,6.7,0.189155388,0.377983162,66.07714,2.634875066,2.646948452
CAN,CPI,TOT_FOODENRG,AGRWTH,M,2005-05,1.351326,2.58619,7,0.213605746,0.372663734,66.05225,2.635917928,2.65086311
CAN,CPI,TOT_FOODENRG,AGRWTH,M,2005-06,1.353819,2.583182,6.8,0.238755346,0.367344306,68.76427,2.636960791,2.654718879
CAN,CPI,TOT_FOODENRG,AGRWTH,M,2005-07,1.138042,2.631,6.7,0.264590209,0.362024879,71.35077,2.638003653,2.658515623
CAN,CPI,TOT_FOODENRG,AGRWTH,M,2005-08,1.471293,2.77,6.7,0.291096358,0.356705451,73.67915,2.639046515,2.662253209
CAN,CPI,TOT_FOODENRG,AGRWTH,M,2005-09,1.364328,2.89,6.7,0.318259813,0.351386023,76.09396,2.640089377,2.665931502
CAN,CPI,TOT_FOODENRG,AGRWTH,M,2005-10,1.440998,3.099,6.7,0.346066595,0.346066595,73.18114,2.641132239,2.669550367
CAN,CPI,TOT_FOODENRG,AGRWTH,M,2005-11,1.381763,3.295714,6.4,0.374571806,0.384012206,74.94723,2.642175101,2.67310967
CAN,CPI,TOT_FOODENRG,AGRWTH,M,2005-12,1.332746,3.469,6.6,0.404106871,0.421957817,77.82489,2.643217963,2.676609276
CAN,CPI,TOT_FOODENRG,AGRWTH,M,2006-01,0.9985423,3.618572,6.6,1.380920558,0.833847557,81.20816,2.731685166,2.73263766
CAN,CPI,TOT_FOODENRG,AGRWTH,M,2006-02,1.144594,3.763,6.4,1.336891671,0.831308429,82.0852,2.728380502,2.730215373
CAN,CPI,TOT_FOODENRG,AGRWTH,M,2006-03,1.279029,3.94087,6.4,1.288358386,0.828769302,83.49017,2.725075839,2.727724525
CAN,CPI,TOT_FOODENRG,AGRWTH,M,2006-04,1.24572,4.122632,6.3,1.235183718,0.826230175,85.70238,2.721771176,2.725166674
CAN,CPI,TOT_FOODENRG,AGRWTH,M,2006-05,1.30752,4.258636,6.1,1.177230679,0.823691047,83.03589,2.718466513,2.722543378
CAN,CPI,TOT_FOODENRG,AGRWTH,M,2006-06,1.11322,4.417727,6.1,1.114362284,0.82115192,79.09191,2.715161849,2.719856193
CAN,CPI,TOT_FOODENRG,AGRWTH,M,2006-07,0.9153873,4.378,6.4,1.046441546,0.818612793,81.2915,2.711857186,2.717106677
CAN,CPI,TOT_FOODENRG,AGRWTH,M,2006-08,1.066381,4.344091,6.4,0.973331479,0.816073666,83.90303,2.708552523,2.714296388
CAN,CPI,TOT_FOODENRG,AGRWTH,M,2006-09,1.543235,4.3215,6.4,0.894895096,0.813534538,82.20487,2.705247859,2.711426883
CAN,CPI,TOT_FOODENRG,AGRWTH,M,2006-10,1.811825,4.327619,6.2,0.810995411,0.810995411,83.39114,2.701943196,2.708499719
CAN,CPI,TOT_FOODENRG,AGRWTH,M,2006-11,1.45592,4.312381,6.4,0.721905704,0.735060508,86.63263,2.698638533,2.705516454
CAN,CPI,TOT_FOODENRG,AGRWTH,M,2006-12,1.384849,4.320588,6.2,0.62954032,0.659125606,89.5492,2.69533387,2.702478646
CAN,CPI,TOT_FOODENRG,AGRWTH,M,2007-01,1.931163,4.333636,6.3,0.282204125,0.608637278,88.94408,2.391970384,2.402866989
CAN,CPI,TOT_FOODENRG,AGRWTH,M,2007-02,1.92723,4.348,6.2,0.312872731,0.612080541,92.10006,2.379417266,2.401285507
CAN,CPI,TOT_FOODENRG,AGRWTH,M,2007-03,1.685519,4.345909,6.2,0.34568155,0.615523804,90.84308,2.366864149,2.399770021
CAN,CPI,TOT_FOODENRG,AGRWTH,M,2007-04,2.179158,4.35,6.2,0.380682456,0.618967067,94.35606,2.354311031,2.398311494
CAN,CPI,TOT_FOODENRG,AGRWTH,M,2007-05,2.020396,4.368636,6,0.417927322,0.62241033,97.1953,2.341757914,2.396900891
CAN,CPI,TOT_FOODENRG,AGRWTH,M,2007-06,2.158495,4.529524,6.1,0.457468023,0.625853592,97.18142,2.329204796,2.395529176
CAN,CPI,TOT_FOODENRG,AGRWTH,M,2007-07,2.720891,4.68,6,0.499356431,0.629296855,98.91542,2.316651679,2.394187314
CAN,CPI,TOT_FOODENRG,AGRWTH,M,2007-08,2.531113,4.947273,5.9,0.543644422,0.632740118,93.57519,2.304098562,2.392866269
CAN,CPI,TOT_FOODENRG,AGRWTH,M,2007-09,2.142467,5.119473,5.9,0.590383868,0.636183381,96.61527,2.291545444,2.391557005
CAN,CPI,TOT_FOODENRG,AGRWTH,M,2007-10,1.800377,4.915,5.9,0.639626644,0.639626644,99.14297,2.278992327,2.390250486
CAN,CPI,TOT_FOODENRG,AGRWTH,M,2007-11,1.700019,4.767619,6.1,0.691112381,0.672554706,95.81201,2.266439209,2.388937678
CAN,CPI,TOT_FOODENRG,AGRWTH,M,2007-12,1.690417,4.796316,6.1,0.74333174,0.705482768,95.35424,2.253886092,2.387609544
CAN,CPI,TOT_FOODENRG,AGRWTH,M,2008-01,1.164712,4.246364,5.9,0.016476732,0.081394686,92.3514,1.102452992,1.110336682
CAN,CPI,TOT_FOODENRG,AGRWTH,M,2008-02,1.105678,3.82,6,0.023056328,0.08086645,93.07788,1.055694229,1.070661722
CAN,CPI,TOT_FOODENRG,AGRWTH,M,2008-03,1.004142,3.583,6.2,0.029685972,0.080338215,92.21645,1.008935466,1.030206486
CAN,CPI,TOT_FOODENRG,AGRWTH,M,2008-04,0.8887422,3.457,6.1,0.036355494,0.079809979,96.87679,0.962176703,0.988990585
CAN,CPI,TOT_FOODENRG,AGRWTH,M,2008-05,0.8723522,3.1505,6.1,0.043054725,0.079281744,102.0274,0.91541794,0.94703363
CAN,CPI,TOT_FOODENRG,AGRWTH,M,2008-06,0.9222738,3.177647,6.1,0.049773495,0.078753509,102.6479,0.868659177,0.904355232
CAN,CPI,TOT_FOODENRG,AGRWTH,M,2008-07,0.6260122,3.267,6.1,0.056501634,0.078225273,95.26191,0.821900414,0.860975001
CAN,CPI,TOT_FOODENRG,AGRWTH,M,2008-08,0.8116294,3.23,6.1,0.063228973,0.077697038,93.24463,0.775141651,0.816912549
CAN,CPI,TOT_FOODENRG,AGRWTH,M,2008-09,0.7832826,3.716667,6.1,0.06994534,0.077168802,87.24745,0.728382888,0.772187485
CAN,CPI,TOT_FOODENRG,AGRWTH,M,2008-10,0.9296167,3.318636,6.2,0.076640567,0.076640567,67.9493,0.681624125,0.726819421
CAN,CPI,TOT_FOODENRG,AGRWTH,M,2008-11,1.852978,2.776316,6.6,0.083525963,0.1051437,63.07032,0.634865362,0.680827969
CAN,CPI,TOT_FOODENRG,AGRWTH,M,2008-12,1.814211,2.344286,6.9,0.091698753,0.133646833,58.98987,0.588106599,0.634232737
CAN,CPI,TOT_FOODENRG,AGRWTH,M,2009-01,1.746699,1.589048,7.4,-3.135988898,-2.118236051,62.0204,-3.515248015,-3.548460314
CAN,CPI,TOT_FOODENRG,AGRWTH,M,2009-02,1.831011,1.231053,8,-3.042803078,-2.133952732,58.92724,-3.503831483,-3.569128476
CAN,CPI,TOT_FOODENRG,AGRWTH,M,2009-03,1.933951,1.062727,8.2,-2.94827138,-2.149669414,57.98178,-3.492414951,-3.588683011
CAN,CPI,TOT_FOODENRG,AGRWTH,M,2009-04,2.016727,0.8980953,8.3,-2.852522629,-2.165386095,64.32034,-3.480998418,-3.607137898
CAN,CPI,TOT_FOODENRG,AGRWTH,M,2009-05,2.083443,0.6365,8.7,-2.75568565,-2.181102776,69.86866,-3.469581886,-3.624507117
CAN,CPI,TOT_FOODENRG,AGRWTH,M,2009-06,2.007285,0.56,8.7,-2.657889266,-2.196819458,72.33577,-3.458165354,-3.640804647
CAN,CPI,TOT_FOODENRG,AGRWTH,M,2009-07,2.062744,0.3836364,8.7,-2.559262303,-2.212536139,71.80637,-3.446748822,-3.656044466
CAN,CPI,TOT_FOODENRG,AGRWTH,M,2009-08,1.614555,0.4205,8.6,-2.459933585,-2.22825282,75.42292,-3.435332289,-3.670240554
CAN,CPI,TOT_FOODENRG,AGRWTH,M,2009-09,1.614689,0.3980953,8.4,-2.360031937,-2.243969502,78.41676,-3.423915757,-3.683406891
CAN,CPI,TOT_FOODENRG,AGRWTH,M,2009-10,1.752389,0.3866667,8.5,-2.259686183,-2.259686183,78.79231,-3.412499225,-3.695557454
CAN,CPI,TOT_FOODENRG,AGRWTH,M,2009-11,0.8739535,0.3805,8.5,-2.158856262,-2.142843424,79.58658,-3.401082693,-3.706706223
CAN,CPI,TOT_FOODENRG,AGRWTH,M,2009-12,0.7449123,0.3790476,8.5,-2.05682657,-2.026000666,80.86483,-3.38966616,-3.716867178
CAN,CPI,TOT_FOODENRG,AGRWTH,M,2010-01,1.266837,0.38,8.3,1.800721406,1.201174913,81.30677,-2.374322434,-2.363240505
CAN,CPI,TOT_FOODENRG,AGRWTH,M,2010-02,1.487193,0.3757895,8.3,1.746983282,1.201748977,79.8829,-2.363633545,-2.341725048
CAN,CPI,TOT_FOODENRG,AGRWTH,M,2010-03,1.001669,0.3856522,8.3,1.690269832,1.202323041,83.45537,-2.352944655,-2.320463986
CAN,CPI,TOT_FOODENRG,AGRWTH,M,2010-04,1.127607,0.487619,8.2,1.630537901,1.202897104,84.78104,-2.342255766,-2.299456357
CAN,CPI,TOT_FOODENRG,AGRWTH,M,2010-05,1.014768,0.6035,8.1,1.567744332,1.203471168,82.30941,-2.331566876,-2.278701197
CAN,CPI,TOT_FOODENRG,AGRWTH,M,2010-06,1.115403,0.7240909,8,1.501845971,1.204045232,81.45685,-2.320877987,-2.258197541
CAN,CPI,TOT_FOODENRG,AGRWTH,M,2010-07,1.305036,0.8328571,8,1.432799661,1.204619296,80.52513,-2.310189097,-2.237944427
CAN,CPI,TOT_FOODENRG,AGRWTH,M,2010-08,1.462968,0.9028571,8.1,1.360562248,1.205193359,81.78944,-2.299500208,-2.21794089
CAN,CPI,TOT_FOODENRG,AGRWTH,M,2010-09,1.454786,1.114286,8.2,1.285090575,1.205767423,84.8238,-2.288811319,-2.198185967
CAN,CPI,TOT_FOODENRG,AGRWTH,M,2010-10,1.694854,1.157,8,1.206341487,1.206341487,87.64761,-2.278122429,-2.178678694
CAN,CPI,TOT_FOODENRG,AGRWTH,M,2010-11,1.59102,1.167143,7.7,1.124565991,1.138033429,89.56783,-2.26743354,-2.159418108
CAN,CPI,TOT_FOODENRG,AGRWTH,M,2010-12,1.495181,1.179524,7.7,1.041191742,1.069725371,92.64738,-2.25674465,-2.140403243
CAN,CPI,TOT_FOODENRG,AGRWTH,M,2011-01,1.516656,1.18,7.8,1.514611978,0.80191023,93.41709,-1.319027746,-1.315116738
CAN,CPI,TOT_FOODENRG,AGRWTH,M,2011-02,1.082592,1.188421,7.7,1.445816871,0.796736542,97.07018,-1.321933109,-1.314268637
CAN,CPI,TOT_FOODENRG,AGRWTH,M,2011-03,1.952639,1.183913,7.7,1.373276121,0.791562855,97.16712,-1.324838472,-1.313575677
CAN,CPI,TOT_FOODENRG,AGRWTH,M,2011-04,1.347659,1.184,7.7,1.296927039,0.786389168,97.37599,-1.327743835,-1.313035453
CAN,CPI,TOT_FOODENRG,AGRWTH,M,2011-05,1.852626,1.187143,7.6,1.216706937,0.78121548,95.00018,-1.330649198,-1.31264556
CAN,CPI,TOT_FOODENRG,AGRWTH,M,2011-06,1.139166,1.169545,7.6,1.132553127,0.776041793,91.54075,-1.333554561,-1.312403595
CAN,CPI,TOT_FOODENRG,AGRWTH,M,2011-07,0.9633194,1.17,7.3,1.04440292,0.770868106,92.72158,-1.336459924,-1.312307154
CAN,CPI,TOT_FOODENRG,AGRWTH,M,2011-08,1.358209,1.151818,7.3,0.95219363,0.765694419,86.53025,-1.339365287,-1.312353832
CAN,CPI,TOT_FOODENRG,AGRWTH,M,2011-09,1.638846,1.15,7.4,0.855862567,0.760520731,84.74576,-1.34227065,-1.312541226
CAN,CPI,TOT_FOODENRG,AGRWTH,M,2011-10,1.379196,1.1515,7.4,0.755347044,0.755347044,83.03756,-1.345176013,-1.312866931
CAN,CPI,TOT_FOODENRG,AGRWTH,M,2011-11,1.612096,1.159524,7.6,0.651272924,0.699292991,83.95289,-1.348081376,-1.313328544
CAN,CPI,TOT_FOODENRG,AGRWTH,M,2011-12,1.350954,1.156,7.5,0.547020276,0.643238937,82.75748,-1.350986739,-1.31392366
CAN,CPI,TOT_FOODENRG,AGRWTH,M,2012-01,1.501076,1.158571,7.7,-0.281727249,0.157099244,85.88154,-1.604355771,-1.609507449
CAN,CPI,TOT_FOODENRG,AGRWTH,M,2012-02,1.632921,1.16,7.5,-0.244981505,0.146764588,87.51072,-1.602052858,-1.612275051
CAN,CPI,TOT_FOODENRG,AGRWTH,M,2012-03,1.437986,1.152273,7.3,-0.207683111,0.136429933,86.92337,-1.599749945,-1.614960788
CAN,CPI,TOT_FOODENRG,AGRWTH,M,2012-04,2.079507,1.147,7.3,-0.169889119,0.126095277,84.62113,-1.597447032,-1.617563959
CAN,CPI,TOT_FOODENRG,AGRWTH,M,2012-05,1.483673,1.179545,7.4,-0.131656585,0.115760621,81.09511,-1.595144118,-1.620083864
CAN,CPI,TOT_FOODENRG,AGRWTH,M,2012-06,1.814061,1.160952,7.2,-0.093042561,0.105425966,80.17008,-1.592841205,-1.6225198
CAN,CPI,TOT_FOODENRG,AGRWTH,M,2012-07,1.520488,1.16,7.3,-0.054104103,0.09509131,81.07572,-1.590538292,-1.624871066
CAN,CPI,TOT_FOODENRG,AGRWTH,M,2012-08,1.15178,1.16,7.3,-0.014898264,0.084756654,83.05807,-1.588235378,-1.62713696
CAN,CPI,TOT_FOODENRG,AGRWTH,M,2012-09,0.8468496,1.16,7.3,0.024517903,0.074421999,85.56171,-1.585932465,-1.629316783
CAN,CPI,TOT_FOODENRG,AGRWTH,M,2012-10,0.9675071,1.16,7.5,0.064087343,0.064087343,86.0667,-1.583629552,-1.631409831
CAN,CPI,TOT_FOODENRG,AGRWTH,M,2012-11,0.8769087,1.16,7.4,0.103623506,0.090294982,84.82533,-1.581326639,-1.633415404
CAN,CPI,TOT_FOODENRG,AGRWTH,M,2012-12,0.9679233,1.16,7.3,0.142421858,0.116502622,85.765,-1.579023725,-1.6353328
CAN,CPI,TOT_FOODENRG,AGRWTH,M,2013-01,0.8179691,1.16,7.1,1.149927085,0.808261848,88.2803,-1.368738714,-1.367629031
CAN,CPI,TOT_FOODENRG,AGRWTH,M,2013-02,1.033341,1.16,7.1,1.130749367,0.818122182,88.80955,-1.361110073,-1.358745247
CAN,CPI,TOT_FOODENRG,AGRWTH,M,2013-03,0.989859,1.16,7.3,1.109451841,0.827982517,89.09897,-1.353481432,-1.349721143
CAN,CPI,TOT_FOODENRG,AGRWTH,M,2013-04,0.5634686,1.16,7.2,1.085986772,0.837842851,85.77365,-1.34585279,-1.340561859
CAN,CPI,TOT_FOODENRG,AGRWTH,M,2013-05,0.6075268,1.16,7,1.060306426,0.847703185,87.77636,-1.338224149,-1.331272532
CAN,CPI,TOT_FOODENRG,AGRWTH,M,2013-06,0.6824905,1.162,7.2,1.03236307,0.857563519,85.23157,-1.330595508,-1.321858303
CAN,CPI,TOT_FOODENRG,AGRWTH,M,2013-07,0.8572447,1.167273,7.1,1.002108969,0.867423853,86.92616,-1.322966867,-1.31232431
CAN,CPI,TOT_FOODENRG,AGRWTH,M,2013-08,0.9246222,1.17,7.1,0.969496389,0.877284187,88.02386,-1.315338226,-1.302675692
CAN,CPI,TOT_FOODENRG,AGRWTH,M,2013-09,0.9972114,1.168,7.1,0.934477596,0.887144521,89.34368,-1.307709585,-1.292917589
CAN,CPI,TOT_FOODENRG,AGRWTH,M,2013-10,0.9907146,1.166818,7.1,0.897004855,0.897004855,91.01359,-1.300080943,-1.28305514
CAN,CPI,TOT_FOODENRG,AGRWTH,M,2013-11,0.6636865,1.17,7,0.857233981,0.865340089,93.42351,-1.292452302,-1.273093483
CAN,CPI,TOT_FOODENRG,AGRWTH,M,2013-12,0.8161452,1.169,7.3,0.816134982,0.833675322,93.14001,-1.284823661,-1.263037758
CAN,CPI,TOT_FOODENRG,AGRWTH,M,2014-01,1.064412,1.17,7.1,-0.302603449,0.27750499,95.7065,-0.626238606,-0.615655905
CAN,CPI,TOT_FOODENRG,AGRWTH,M,2014-02,1.10218,1.17,7.1,-0.27036137,0.264831965,97.41881,-0.638973975,-0.618167441
CAN,CPI,TOT_FOODENRG,AGRWTH,M,2014-03,1.052402,1.17,7,-0.233546914,0.252158939,99.59733,-0.651709344,-0.621033407
CAN,CPI,TOT_FOODENRG,AGRWTH,M,2014-04,1.12621,1.17,7.1,-0.192025951,0.239485914,100.7263,-0.664444713,-0.62424936
CAN,CPI,TOT_FOODENRG,AGRWTH,M,2014-05,1.306725,1.177619,7.1,-0.14566435,0.226812888,102.0304,-0.677180082,-0.627810859
CAN,CPI,TOT_FOODENRG,AGRWTH,M,2014-06,1.538253,1.174286,7.1,-0.094327982,0.214139863,104.3338,-0.68991545,-0.631713464
CAN,CPI,TOT_FOODENRG,AGRWTH,M,2014-07,1.53902,1.17,7.1,-0.037882717,0.201466837,106.4434,-0.702650819,-0.635952732
CAN,CPI,TOT_FOODENRG,AGRWTH,M,2014-08,1.910877,1.17,7,0.023805575,0.188793812,107.2668,-0.715386188,-0.640524223
CAN,CPI,TOT_FOODENRG,AGRWTH,M,2014-09,1.776526,1.17,6.9,0.090871024,0.176120786,107.1606,-0.728121557,-0.645423496
CAN,CPI,TOT_FOODENRG,AGRWTH,M,2014-10,1.973779,1.17,6.7,0.163447761,0.163447761,100.7782,-0.740856926,-0.650646109
CAN,CPI,TOT_FOODENRG,AGRWTH,M,2014-11,2.117139,1.175263,6.7,0.241361399,0.238435895,103.387,-0.753592295,-0.656187622
CAN,CPI,TOT_FOODENRG,AGRWTH,M,2014-12,2.235854,1.188571,6.7,0.323203492,0.31342403,100.1089,-0.766327663,-0.662043593
CAN,CPI,TOT_FOODENRG,AGRWTH,M,2015-01,2.549047,1.122857,6.7,-0.580299449,-0.389898613,100.9038,-1.893965029,-1.903096263
CAN,CPI,TOT_FOODENRG,AGRWTH,M,2015-02,2.547271,0.8863158,6.8,-0.581063867,-0.407634256,105.7285,-1.900889936,-1.919068521
CAN,CPI,TOT_FOODENRG,AGRWTH,M,2015-03,2.817348,0.8936363,6.9,-0.580821976,-0.4253699,104.0623,-1.907814844,-1.934953815
CAN,CPI,TOT_FOODENRG,AGRWTH,M,2015-04,2.833526,0.8961905,6.9,-0.579556719,-0.443105544,106.6098,-1.914739751,-1.950749068
CAN,CPI,TOT_FOODENRG,AGRWTH,M,2015-05,2.682637,0.89,6.9,-0.577251042,-0.460841188,105.4901,-1.921664659,-1.966451199
CAN,CPI,TOT_FOODENRG,AGRWTH,M,2015-06,2.582586,0.89,6.9,-0.573887889,-0.478576832,103.4648,-1.928589566,-1.982057129
CAN,CPI,TOT_FOODENRG,AGRWTH,M,2015-07,2.668677,0.7404546,6.9,-0.569450204,-0.496312476,100.7142,-1.935514473,-1.99756378
CAN,CPI,TOT_FOODENRG,AGRWTH,M,2015-08,2.501953,0.61,7,-0.563920933,-0.51404812,97.85998,-1.942439381,-2.012968072
CAN,CPI,TOT_FOODENRG,AGRWTH,M,2015-09,2.667752,0.6519048,7.1,-0.557283019,-0.531783764,93.99223,-1.949364288,-2.028266926
CAN,CPI,TOT_FOODENRG,AGRWTH,M,2015-10,2.410141,0.7147619,6.9,-0.549519408,-0.549519408,95.97256,-1.956289196,-2.043457263
CAN,CPI,TOT_FOODENRG,AGRWTH,M,2015-11,2.295815,0.7585,7.1,-0.540478998,-0.521784676,93.61954,-1.963214103,-2.058536003
CAN,CPI,TOT_FOODENRG,AGRWTH,M,2015-12,2.077159,0.8171428,7.2,-0.529474506,-0.494049943,91.58231,-1.970139011,-2.073500068
CAN,CPI,TOT_FOODENRG,AGRWTH,M,2016-01,1.849148,0.7965,7.2,1.559315214,0.487606395,86.42041,-2.565467635,-2.57195863
CAN,CPI,TOT_FOODENRG,AGRWTH,M,2016-02,1.847153,0.799,7.3,1.483231123,0.494372444,88.01437,-2.551404404,-2.564005325
CAN,CPI,TOT_FOODENRG,AGRWTH,M,2016-03,1.902365,0.8,7.1,1.39867166,0.501138494,93.31869,-2.537341173,-2.555678603
CAN,CPI,TOT_FOODENRG,AGRWTH,M,2016-04,1.968468,0.8361905,7.2,1.305387491,0.507904543,95.19677,-2.523277941,-2.546986115
CAN,CPI,TOT_FOODENRG,AGRWTH,M,2016-05,2.13304,0.8366666,7,1.203129279,0.514670593,96.62364,-2.50921471,-2.537935512
CAN,CPI,TOT_FOODENRG,AGRWTH,M,2016-06,2.341923,0.8277273,6.9,1.091647689,0.521436642,97.93118,-2.495151479,-2.528534446
CAN,CPI,TOT_FOODENRG,AGRWTH,M,2016-07,2.381736,0.8105,7,0.970693385,0.528202692,100.6193,-2.481088248,-2.518790567
CAN,CPI,TOT_FOODENRG,AGRWTH,M,2016-08,2.074531,0.82,7,0.840017033,0.534968741,102.3534,-2.467025017,-2.508711527
CAN,CPI,TOT_FOODENRG,AGRWTH,M,2016-09,2.027995,0.8109524,7,0.699369296,0.541734791,102.1077,-2.452961786,-2.498304976
CAN,CPI,TOT_FOODENRG,AGRWTH,M,2016-10,1.968685,0.816,7,0.54850084,0.54850084,102.5932,-2.438898554,-2.487578566
CAN,CPI,TOT_FOODENRG,AGRWTH,M,2016-11,1.818889,0.82,6.9,0.388247794,0.444479584,103.3672,-2.424835323,-2.476539948
CAN,CPI,TOT_FOODENRG,AGRWTH,M,2016-12,1.944301,0.823,7,0.223788149,0.340458327,106.4306,-2.410772092,-2.465196773
CAN,CPI,TOT_FOODENRG,AGRWTH,M,2017-01,2.277986,0.872381,6.8,0.826411233,1.019363459,107.9394,-1.170577694,-1.165399178
CAN,CPI,TOT_FOODENRG,AGRWTH,M,2017-02,2.176767,0.8768421,6.6,0.862336347,1.026869695,109.1398,-1.167947641,-1.157958931
CAN,CPI,TOT_FOODENRG,AGRWTH,M,2017-03,1.838215,0.8456522,6.7,0.896792897,1.034375931,108.2026,-1.165317588,-1.150878932
CAN,CPI,TOT_FOODENRG,AGRWTH,M,2017-04,1.643759,0.8431579,6.5,0.929662437,1.041882166,109.0509,-1.162687535,-1.14415111
CAN,CPI,TOT_FOODENRG,AGRWTH,M,2017-05,1.669928,0.7977273,6.6,0.960826524,1.049388402,107.9957,-1.160057482,-1.137767391
CAN,CPI,TOT_FOODENRG,AGRWTH,M,2017-06,1.644186,0.8286363,6.5,0.990166711,1.056894638,106.7628,-1.157427429,-1.131719703
CAN,CPI,TOT_FOODENRG,AGRWTH,M,2017-07,1.623373,1.123,6.3,1.017564556,1.064400873,105.6894,-1.154797376,-1.125999974
CAN,CPI,TOT_FOODENRG,AGRWTH,M,2017-08,1.633315,1.198636,6.2,1.042901612,1.071907109,105.4141,-1.152167323,-1.120600131
CAN,CPI,TOT_FOODENRG,AGRWTH,M,2017-09,1.459038,1.321,6.2,1.066059435,1.079413344,106.5621,-1.14953727,-1.1155121
CAN,CPI,TOT_FOODENRG,AGRWTH,M,2017-10,1.725351,1.329048,6.3,1.08691958,1.08691958,110.3385,-1.146907217,-1.110727811
CAN,CPI,TOT_FOODENRG,AGRWTH,M,2017-11,1.859207,1.328095,6,1.105243556,1.080532043,111.8084,-1.144277164,-1.106239189
CAN,CPI,TOT_FOODENRG,AGRWTH,M,2017-12,1.810036,1.372105,5.9,1.120312685,1.074144507,112.2785,-1.141647111,-1.102038163
CAN,CPI,TOT_FOODENRG,AGRWTH,M,2018-01,1.633553,1.552727,6,0.9560473,0.829307318,113.464,-0.910378163,-0.89927124
CAN,CPI,TOT_FOODENRG,AGRWTH,M,2018-02,1.951622,1.547895,5.9,0.948035118,0.834410869,107.6199,-0.910553877,-0.887928629
CAN,CPI,TOT_FOODENRG,AGRWTH,M,2018-03,2.050329,1.59619,5.9,0.939756466,0.839514421,107.9901,-0.910729592,-0.876194077
CAN,CPI,TOT_FOODENRG,AGRWTH,M,2018-04,2.012321,1.639048,5.9,0.931221992,0.844617972,107.2621,-0.910905306,-0.864087048
CAN,CPI,TOT_FOODENRG,AGRWTH,M,2018-05,1.655061,1.65,6,0.922442347,0.849721524,111.3948,-0.911081021,-0.851627004
CAN,CPI,TOT_FOODENRG,AGRWTH,M,2018-06,1.792134,1.65,6.1,0.91342818,0.854825075,113.3493,-0.911256735,-0.838833408
CAN,CPI,TOT_FOODENRG,AGRWTH,M,2018-07,2.295234,1.796191,5.8,0.90419014,0.859928627,114.5507,-0.91143245,-0.825725723
CAN,CPI,TOT_FOODENRG,AGRWTH,M,2018-08,2.362448,1.842727,6,0.894738877,0.865032178,113.9279,-0.911608164,-0.812323412
CAN,CPI,TOT_FOODENRG,AGRWTH,M,2018-09,1.87797,1.874737,5.9,0.885085041,0.87013573,112.5069,-0.911783879,-0.798645937
CAN,CPI,TOT_FOODENRG,AGRWTH,M,2018-10,2.078044,2.013182,5.9,0.875239281,0.875239281,107.8389,-0.911959593,-0.784712762
CAN,CPI,TOT_FOODENRG,AGRWTH,M,2018-11,2.046871,2.131905,5.7,0.865228783,0.866225887,105.6134,-0.912135308,-0.770543349
CAN,CPI,TOT_FOODENRG,AGRWTH,M,2018-12,2.527497,2.192631,5.8,0.85514688,0.857212493,100.9393,-0.912311023,-0.756157161
CAN,CPI,TOT_FOODENRG,AGRWTH,M,2019-01,2.323262,2.142984,5.9,-0.734144612,0.122813113,104.6165,-0.993915231,-0.972034777
CAN,CPI,TOT_FOODENRG,AGRWTH,M,2019-02,2.121398,1.988763,5.9,-0.662899241,0.119238417,110.2759,-1.06005656,-1.017779185
CAN,CPI,TOT_FOODENRG,AGRWTH,M,2019-03,2.035863,1.862238,5.8,-0.586777768,0.115663722,112.4168,-1.126197889,-1.064975244
CAN,CPI,TOT_FOODENRG,AGRWTH,M,2019-04,2.221352,1.863494,5.8,-0.505684511,0.112089026,114.9087,-1.192339218,-1.113591071
CAN,CPI,TOT_FOODENRG,AGRWTH,M,2019-05,2.626418,1.87211,5.4,-0.419523784,0.108514331,113.8178,-1.258480547,-1.163594782
CAN,CPI,TOT_FOODENRG,AGRWTH,M,2019-06,2.582903,1.842199,5.5,-0.328199902,0.104939635,113.8331,-1.324621875,-1.214954496
CAN,CPI,TOT_FOODENRG,AGRWTH,M,2019-07,2.435803,1.839895,5.8,-0.231617182,0.10136494,115.1347,-1.390763204,-1.267638329
CAN,CPI,TOT_FOODENRG,AGRWTH,M,2019-08,2.534103,1.840029,5.8,-0.129679939,0.097790244,113.2873,-1.456904533,-1.321614398
CAN,CPI,TOT_FOODENRG,AGRWTH,M,2019-09,2.401233,1.832785,5.6,-0.022292489,0.094215549,116.2679,-1.523045862,-1.376850821
CAN,CPI,TOT_FOODENRG,AGRWTH,M,2019-10,2.190313,1.844795,5.7,0.090640853,0.090640853,114.3991,-1.589187191,-1.433315716
CAN,CPI,TOT_FOODENRG,AGRWTH,M,2019-11,2.124129,1.845125,6,0.20866046,0.180650551,118.0409,-1.65532852,-1.490977198
CAN,CPI,TOT_FOODENRG,AGRWTH,M,2019-12,1.916623,1.90931,5.8,0.329085462,0.270660248,118.7978,-1.721469849,-1.549803386
CAN,CPI,TOT_FOODENRG,AGRWTH,M,2020-01,1.768015,1.912474,5.6,9.032979044,-1.841275791,121.1244,-7.521780984,-7.576709378
CAN,CPI,TOT_FOODENRG,AGRWTH,M,2020-02,1.915414,1.802298,5.7,8.09019389,-1.876389882,122.4475,-7.501655173,-7.609855828
CAN,CPI,TOT_FOODENRG,AGRWTH,M,2020-03,1.911895,1.267285,7.9,7.076275331,-1.911503973,95.94145,-7.481529362,-7.641362875
CAN,CPI,TOT_FOODENRG,AGRWTH,M,2020-04,1.630386,0.4828462,13,5.989504166,-1.946618064,98.16383,-7.461403551,-7.671247247
CAN,CPI,TOT_FOODENRG,AGRWTH,M,2020-05,1.018939,0.344752,13.4,4.8281612,-1.981732155,103.8505,-7.44127774,-7.699525671
CAN,CPI,TOT_FOODENRG,AGRWTH,M,2020-06,1.244466,0.3055641,12.2,3.590527232,-2.016846245,107.9628,-7.421151929,-7.726214878
CAN,CPI,TOT_FOODENRG,AGRWTH,M,2020-07,0.6663125,0.2829986,10.9,2.274883066,-2.051960336,111.0523,-7.401026118,-7.751331596
CAN,CPI,TOT_FOODENRG,AGRWTH,M,2020-08,0.5585395,0.25565,10.3,0.879509503,-2.087074427,115.52,-7.380900307,-7.774892552
CAN,CPI,TOT_FOODENRG,AGRWTH,M,2020-09,1.00334,0.2514162,9.2,-0.597312656,-2.122188518,113.2146,-7.360774496,-7.796914476
CAN,CPI,TOT_FOODENRG,AGRWTH,M,2020-10,1.064614,0.2452181,9.2,-2.157302609,-2.157302609,113.2708,-7.340648685,-7.817414097
CAN,CPI,TOT_FOODENRG,AGRWTH,M,2020-11,1.507497,0.237422,8.7,-3.790512436,-3.045826073,116.7689,-7.320522874,-7.836408143
CAN,CPI,TOT_FOODENRG,AGRWTH,M,2020-12,1.230718,0.235101,8.9,-5.440325751,-3.934349536,122.2525,-7.300397063,-7.853913342
CAN,CPI,TOT_FOODENRG,AGRWTH,M,2021-01,1.568665,0.1978955,9.4,1.13543638,1.331694652,124.2181,-5.509199887,-5.481321657
CAN,CPI,TOT_FOODENRG,AGRWTH,M,2021-02,0.9794046,0.1783747,8.3,1.293731075,1.317584379,127.3483,-5.489074076,-5.433334345
CAN,CPI,TOT_FOODENRG,AGRWTH,M,2021-03,0.9563936,0.1873117,7.5,1.418707632,1.303474107,130.1205,-5.468948265,-5.385380489
CAN,CPI,TOT_FOODENRG,AGRWTH,M,2021-04,1.692107,0.1820467,8,1.508509701,1.289363835,133.6261,-5.448822454,-5.33747682
CAN,CPI,TOT_FOODENRG,AGRWTH,M,2021-05,2.20863,0.182691,8,1.561280931,1.275253562,135.6217,-5.428696643,-5.289640065
CAN,CPI,TOT_FOODENRG,AGRWTH,M,2021-06,2.078388,0.1855759,7.6,1.57516497,1.26114329,140.2464,-5.408570832,-5.241886953
CAN,CPI,TOT_FOODENRG,AGRWTH,M,2021-07,2.811489,0.2037867,7.4,1.548305468,1.247033018,140.6317,-5.388445021,-5.194234213
CAN,CPI,TOT_FOODENRG,AGRWTH,M,2021-08,2.935741,0.21185,7.1,1.478846073,1.232922746,142.6497,-5.36831921,-5.146698573
CAN,CPI,TOT_FOODENRG,AGRWTH,M,2021-09,3.096016,0.2215805,7,1.364930434,1.218812473,143.1405,-5.3481934,-5.099296761
CAN,CPI,TOT_FOODENRG,AGRWTH,M,2021-10,3.030858,0.2301405,6.8,1.204702201,1.204702201,144.7816,-5.328067589,-5.052045508
CAN,CPI,TOT_FOODENRG,AGRWTH,M,2021-11,2.916622,0.2593452,6.1,0.998859288,1.004341632,149.5152,-5.307941778,-5.00496154
CAN,CPI,TOT_FOODENRG,AGRWTH,M,2021-12,3.275797,0.2705824,6,0.758316678,0.803981062,146.0664,-5.287815967,-4.958061588
